scenario,ev,alg,seed,tl,rt,ttt,eff,imp
od1500k,vehev2,allgreen,6479,15058.90,135145.84,15954.00,895.1000000000004,34.062638063699445
od1500k,vehev3,no-preemption,14368,2218.57,55894.43,2950.00,731.4299999999998,
od1500k,vehev2,allgreen,11718,71901.27,510185.32,72795.00,893.7299999999959,-111.03945810485807
od1500k,vehev3,tpn2,16993,2022.86,57091.82,2754.00,731.1400000000001,42.23898667093076
od1500k,vehev3,no-preemption,24847,1469.14,56532.99,2202.00,732.8599999999999,
od1500k,vehev3,kapusta2,22570,1571.31,54710.95,2303.00,731.69,35.0163977816469
od1500k,vehev1,tpn2,32556,3520.96,78678.41,4743.00,1222.04,25.539217655928482
od1500k,vehev2,no-preemption,22760,8014.69,109899.61,8909.00,894.3100000000004,
od1500k,vehev3,no-preemption,10105,1250.66,52852.86,1982.00,731.3399999999999,
od1500k,vehev3,tpn,30366,92.53,50174.38,824.00,731.47,96.79359897982874
od1500k,vehev2,no-preemption,27422,18141.53,139507.49,19036.00,894.4700000000012,
od1500k,vehev1,kapusta,2094,1912.16,73093.96,3133.00,1220.84,5.5280254934413575
od1500k,vehev1,kapusta2,11718,5512.96,78861.29,6734.00,1221.04,-51.37883975913209
od1500k,vehev1,tpn2,14368,1376.00,55502.65,2596.00,1220.0,65.66343680051105
od1500k,vehev1,no-preemption,227,2292.81,66467.39,3516.00,1223.19,
od1500k,vehev1,kapusta2,10280,2969.13,76722.51,4190.00,1220.87,7.230922088634484
od1500k,vehev1,kapusta2,15239,3559.56,83229.53,4781.00,1221.44,-48.7569320523054
od1500k,vehev3,kapusta2,27548,577.51,57884.67,1310.00,732.49,53.78847892711109
od1500k,vehev3,tpn,16993,2939.97,72314.87,3672.00,732.0300000000002,16.051705823900953
od1500k,vehev1,tpn2,6479,315.71,52777.07,1537.00,1221.29,92.46524504480853
od1500k,vehev3,kapusta2,32668,1914.46,57089.98,2645.00,730.54,-19.223799174227942
od1500k,vehev1,allgreen,12837,385.12,46152.00,1605.00,1219.88,87.60452406547921
od1500k,vehev3,kapusta,16993,15363.96,135564.18,16095.00,731.0400000000009,-338.7045560974495
od1500k,vehev1,kapusta,30366,1697.95,58014.55,2919.00,1221.05,-1.8822978794897471
od1500k,vehev1,kapusta2,32556,4800.37,86150.26,6023.00,1222.63,-1.5175707025954832
od1500k,vehev1,no-preemption,16250,2124.82,73402.34,3345.00,1220.1799999999998,
od1500k,vehev2,allgreen,16250,151.86,47640.82,1045.00,893.14,95.96993774182762
od1500k,vehev3,allgreen,10105,333.40,49022.61,1065.00,731.6,73.34207538419714
od1500k,vehev1,allgreen,22760,203.14,50414.39,1425.00,1221.8600000000001,93.30357731510173
od1500k,vehev3,tpn2,14368,835.08,52375.51,1567.00,731.92,62.35953790053954
od1500k,vehev2,no-preemption,227,8524.78,99995.35,9419.00,894.2199999999993,
od1500k,vehev3,allgreen,2094,71.66,49313.54,803.00,731.34,97.68923686128326
od1500k,vehev1,no-preemption,31737,3199.48,79368.91,4421.00,1221.52,
od1500k,vehev3,allgreen,30616,71.46,44688.07,803.00,731.54,97.33805177872974
od1500k,vehev1,tpn2,17651,592.29,50110.22,1814.00,1221.71,88.7459171671838
od1500k,vehev1,no-preemption,27422,2380.35,69784.14,3602.00,1221.65,
od1500k,vehev1,allgreen,16993,597.49,47939.38,1819.00,1221.51,77.53062091736771
od1500k,vehev1,allgreen,21907,194.28,49631.62,1415.00,1220.72,92.95566288126005
od1500k,vehev1,kapusta2,10105,2286.61,59281.62,3508.00,1221.3899999999999,-23.579832568596615
od1500k,vehev1,kapusta2,14368,3890.72,73653.84,5113.00,1222.2800000000002,2.911371241631089
od1500k,vehev2,kapusta2,22737,50798.12,329051.00,51694.00,895.8799999999974,-12.996879346675904
od1500k,vehev3,allgreen,20276,3595.18,75350.71,4326.00,730.8200000000002,-60.700700432238655
od1500k,vehev2,no-preemption,22570,19967.27,149986.97,20862.00,894.7299999999996,
od1500k,vehev3,tpn2,30616,94.59,45683.02,825.00,730.41,96.47643881542186
od1500k,vehev2,allgreen,21907,5441.64,93238.05,6337.00,895.3599999999997,73.02605522341227
od1500k,vehev3,kapusta2,11718,862.10,51703.02,1594.00,731.9,56.1294590606076
od1500k,vehev1,allgreen,2094,118.46,54040.78,1339.00,1220.54,94.14737778216941
od1500k,vehev1,kapusta2,6479,5576.08,85607.67,6798.00,1221.92,-33.07908020190688
od1500k,vehev1,allgreen,14368,255.27,56209.85,1476.00,1220.73,93.63001854074598
od1500k,vehev2,allgreen,15239,401.92,48723.66,1296.00,894.0799999999999,97.15114820238529
od1500k,vehev2,allgreen,12811,31191.20,192031.65,32086.00,894.7999999999993,-91.92694873120185
od1500k,vehev2,allgreen,10105,9316.49,113769.52,10212.00,895.5100000000002,-109.74818483705748
od1500k,vehev1,kapusta,11718,2094.24,74103.76,3315.00,1220.7600000000002,42.49484462481775
od1500k,vehev3,tpn2,27548,785.56,53568.40,1517.00,731.44,37.14061662305655
od1500k,vehev2,tpn2,12837,1593.30,51295.38,2489.00,895.7,72.39078826526192
od1500k,vehev1,kapusta2,16993,1769.46,53144.47,2992.00,1222.54,33.457183364483875
od1500k,vehev3,kapusta,2094,713.91,53601.82,1446.00,732.09,76.97911090760172
od1500k,vehev2,no-preemption,4771,9518.08,105988.09,10413.00,894.9200000000001,
od1500k,vehev2,kapusta,30616,30870.59,212399.90,31765.00,894.4099999999999,-86.89411170690333
od1500k,vehev2,kapusta2,16993,41358.39,286395.91,42253.00,894.6100000000006,-252.95745655919652
od1500k,vehev3,tpn2,22760,307.60,46207.13,1039.00,731.4,68.60936208427304
od1500k,vehev2,no-preemption,12811,16251.60,140993.73,17145.00,893.3999999999996,
od1500k,vehev1,tpn2,20276,440.47,45916.56,1661.00,1220.53,86.95498942704663
od1500k,vehev3,no-preemption,20276,2237.19,64457.02,2969.00,731.81,
od1500k,vehev3,allgreen,12811,106.96,39563.01,839.00,732.04,98.51923226013668
od1500k,vehev1,kapusta2,6325,3582.22,91845.25,4803.00,1220.7800000000002,-3.51860735277969
od1500k,vehev1,no-preemption,22760,3033.56,81338.58,4256.00,1222.44,
od1500k,vehev2,no-preemption,27548,9696.34,119133.77,10591.00,894.6599999999999,
od1500k,vehev2,kapusta2,10105,16639.16,131110.89,17534.00,894.8400000000001,-274.60820622502393
od1500k,vehev3,kapusta,21907,369.54,53595.73,1101.00,731.46,80.68623095617635
od1500k,vehev3,kapusta2,25029,639.37,47157.12,1371.00,731.63,58.42117927074324
od1500k,vehev3,no-preemption,6325,9488.73,109847.52,10220.00,731.2700000000004,
od1500k,vehev3,allgreen,32668,93.51,47449.15,825.00,731.49,94.17662554413148
od1500k,vehev1,no-preemption,6325,3460.46,79180.17,4681.00,1220.54,
od1500k,vehev3,tpn2,30366,590.94,46177.94,1323.00,732.06,79.52241847119852
od1500k,vehev2,tpn2,27422,310.48,52569.39,1204.00,893.52,98.28856772278854
od1500k,vehev2,no-preemption,24847,16413.48,153243.53,17309.00,895.5200000000004,
od1500k,vehev3,tpn,12811,100.73,45016.00,833.00,732.27,98.6054811664507
od1500k,vehev2,kapusta2,25029,17012.14,126117.16,17907.00,894.8600000000006,-359.67823868917657
od1500k,vehev3,kapusta,30616,675.13,47895.91,1407.00,731.87,74.85081020674241
od1500k,vehev1,tpn2,16250,469.28,55052.39,1690.00,1220.72,77.91436451087623
od1500k,vehev2,tpn2,22737,8421.17,97258.10,9315.00,893.8299999999999,81.26769395308632
od1500k,vehev1,allgreen,27548,173.36,53832.37,1394.00,1220.6399999999999,87.54955472565355
od1500k,vehev1,no-preemption,10280,3200.56,74178.69,4422.00,1221.44,
od1500k,vehev2,no-preemption,10105,4441.75,77258.07,5335.00,893.25,
od1500k,vehev3,tpn2,32668,113.56,45980.48,845.00,731.44,92.92800338778281
od1500k,vehev3,kapusta2,2094,1403.31,51897.83,2135.00,731.69,54.74857632999477
od1500k,vehev1,kapusta2,2094,2822.63,64584.98,4044.00,1221.37,-39.45455892888023
od1500k,vehev1,tpn2,31737,2355.94,69201.98,3577.00,1221.06,26.364909297760885
od1500k,vehev2,no-preemption,32668,9298.89,95236.74,10194.00,895.1100000000006,
od1500k,vehev2,kapusta,22760,58182.98,340112.97,59079.00,896.0199999999968,-625.9542165698238
od1500k,vehev2,kapusta,16993,35143.87,214145.24,36038.00,894.1299999999974,-199.9219981446824
od1500k,vehev3,allgreen,16993,2529.58,70606.24,3262.00,732.4200000000001,27.770036435073607
od1500k,vehev1,tpn2,21907,482.84,48994.18,1705.00,1222.16,82.4928570392609
od1500k,vehev1,kapusta,16993,2003.39,65915.11,3225.00,1221.61,24.659945170036814
od1500k,vehev2,allgreen,27548,14330.29,150922.63,15225.00,894.7099999999991,-47.79071278441145
od1500k,vehev3,allgreen,17651,59.84,35846.53,792.00,732.16,97.32808237221991
od1500k,vehev1,no-preemption,4771,2769.09,78018.46,3990.00,1220.9099999999999,
od1500k,vehev2,tpn2,20276,4606.21,80666.72,5502.00,895.79,36.79464960776322
od1500k,vehev3,kapusta2,10105,1854.54,53126.32,2586.00,731.46,-48.28490556985909
od1500k,vehev1,kapusta2,4771,3081.19,70648.32,4303.00,1221.81,-11.270850712689008
od1500k,vehev3,tpn,10105,150.42,43992.89,881.00,730.58,87.97275038779524
od1500k,vehev1,allgreen,12811,191.08,53826.89,1411.00,1219.92,92.01367555661439
od1500k,vehev3,tpn,21907,191.88,44260.81,924.00,732.12,89.97151592756161
od1500k,vehev2,kapusta,2094,15811.47,149243.91,16705.00,893.5300000000007,-18.596728354734026
od1500k,vehev1,kapusta2,30366,2422.61,67704.89,3644.00,1221.3899999999999,-45.36415893626471
od1500k,vehev1,tpn,20276,1810.87,74550.63,3031.00,1220.13,46.36906418996961
od1500k,vehev2,no-preemption,27226,10106.40,110098.32,11001.00,894.6000000000004,
od1500k,vehev2,allgreen,17651,2166.40,64218.89,3061.00,894.5999999999999,65.66104548041092
od1500k,vehev3,no-preemption,30616,2684.50,65872.29,3417.00,732.5,
od1500k,vehev3,no-preemption,4771,1610.26,57291.35,2342.00,731.74,
od1500k,vehev2,no-preemption,30616,16517.69,139414.02,17412.00,894.3100000000013,
od1500k,vehev2,tpn2,32556,343.19,56436.70,1238.00,894.81,96.48365857706975
od1500k,vehev2,allgreen,16993,8618.09,118226.79,9513.00,894.9099999999999,26.45218716690263
od1500k,vehev1,allgreen,32556,2399.29,68192.21,3622.00,1222.71,49.2601419867572
od1500k,vehev3,tpn2,6479,1480.80,48683.71,2213.00,732.2,53.666793909849254
od1500k,vehev2,allgreen,6325,39123.34,342950.17,40018.00,894.6600000000035,-28.70599343036997
od1500k,vehev1,tpn2,30616,376.18,47806.16,1597.00,1220.82,81.47818080659377
od1500k,vehev2,tpn,16993,7823.77,100706.15,8717.00,893.2299999999996,33.231009236477895
od1500k,vehev1,allgreen,16250,124.82,54934.81,1346.00,1221.18,94.1256200525221
od1500k,vehev2,tpn2,2094,11195.75,103972.56,12091.00,895.25,16.02429619273139
od1500k,vehev1,kapusta2,24847,3607.15,89045.35,4828.00,1220.85,20.92496624050788
od1500k,vehev1,tpn2,10280,529.85,56052.86,1752.00,1222.15,83.44508461019322
od1500k,vehev1,no-preemption,20276,3376.54,88291.38,4597.00,1220.46,
od1500k,vehev1,no-preemption,30616,2031.01,68175.33,3252.00,1220.99,
od1500k,vehev1,kapusta2,27226,6521.61,97933.46,7744.00,1222.3900000000003,-35.502711462943346
od1500k,vehev2,kapusta2,2094,15361.05,133274.88,16255.00,893.9500000000007,-15.218273449178788
od1500k,vehev1,allgreen,22570,209.70,51743.56,1429.00,1219.3,85.95313693179534
od1500k,vehev1,tpn,30366,1222.89,51306.30,2443.00,1220.11,26.622784384788
od1500k,vehev3,tpn2,10105,237.06,42653.58,969.00,731.94,81.0452081301073
od1500k,vehev2,tpn,22760,3107.36,78780.20,4002.00,894.6399999999999,61.22919289454738
od1500k,vehev2,allgreen,22760,88412.34,554631.93,89307.00,894.6600000000035,-1003.1286300530651
od1500k,vehev1,kapusta,12811,1776.13,63934.43,2999.00,1222.87,25.765383956298404
od1500k,vehev1,tpn2,227,252.89,54723.39,1473.00,1220.1100000000001,88.97030281619497
od1500k,vehev3,no-preemption,27226,977.68,50740.09,1709.00,731.32,
od1500k,vehev1,tpn2,27226,3631.29,82052.85,4853.00,1221.71,24.550894471108887
od1500k,vehev1,allgreen,17651,480.80,47528.21,1703.00,1222.2,90.86433499465123
od1500k,vehev1,no-preemption,22737,3732.34,66468.54,4953.00,1220.6599999999999,
od1500k,vehev1,tpn,2094,140.79,55834.96,1361.00,1220.21,93.04414416639905
od1500k,vehev2,no-preemption,32556,9759.86,112054.69,10654.00,894.1399999999994,
od1500k,vehev2,kapusta,30366,1598.87,62151.95,2493.00,894.1300000000001,79.00477978832366
od1500k,vehev2,no-preemption,25029,3700.88,75526.73,4596.00,895.1199999999999,
od1500k,vehev3,tpn,30616,99.48,48140.63,831.00,731.52,96.29428198919724
od1500k,vehev2,tpn2,30366,681.11,52596.57,1576.00,894.89,91.0561493815164
od1500k,vehev2,tpn,20276,5731.26,92343.29,6627.00,895.7399999999998,21.35697319726826
od1500k,vehev3,tpn2,17651,77.41,37596.25,808.00,730.59,96.54356377729853
od1500k,vehev1,kapusta2,21907,3355.64,66468.10,4576.00,1220.3600000000001,-21.671090226109158
od1500k,vehev3,kapusta2,16250,692.98,51521.59,1424.00,731.02,29.07352820764758
od1500k,vehev3,kapusta2,12811,2341.19,58890.57,3072.00,730.81,67.58827014874129
od1500k,vehev2,kapusta2,21907,56335.82,303868.88,57230.00,894.1800000000003,-179.25391933751337
od1500k,vehev3,no-preemption,27548,1249.71,60892.98,1982.00,732.29,
od1500k,vehev3,allgreen,6479,1609.06,53155.01,2341.00,731.94,49.65362736938279
od1500k,vehev3,allgreen,25029,937.79,48784.80,1670.00,732.21,39.014651466772456
od1500k,vehev1,no-preemption,11718,3641.83,73648.92,4863.00,1221.17,
od1500k,vehev2,allgreen,32556,313.84,55626.48,1207.00,893.1600000000001,96.78438010381296
od1500k,vehev2,no-preemption,6325,30397.45,221865.95,31292.00,894.5499999999993,
od1500k,vehev2,kapusta2,27548,18209.24,155262.54,19104.00,894.7599999999984,-87.79498243667199
od1500k,vehev1,allgreen,30616,264.70,47572.27,1485.00,1220.3,86.96707549445843
od1500k,vehev1,allgreen,10105,2059.43,76008.98,3280.00,1220.5700000000002,-11.301889953575351
od1500k,vehev3,tpn2,12811,143.68,41355.65,874.00,730.3199999999999,98.01087594555382
od1500k,vehev3,no-preemption,6479,3195.98,67090.62,3927.00,731.02,
od1500k,vehev1,tpn2,15239,2182.81,66584.68,3404.00,1221.19,8.77857969718372
od1500k,vehev2,tpn2,17651,2583.13,66075.97,3478.00,894.8699999999999,59.05558364651673
od1500k,vehev2,tpn2,10105,1655.59,53670.82,2551.00,895.4100000000001,62.726628018236056
od1500k,vehev1,no-preemption,32556,4728.61,79578.79,5950.00,1221.3900000000003,
od1500k,vehev2,no-preemption,20276,7287.69,100734.03,8182.00,894.3100000000004,
od1500k,vehev1,kapusta2,25029,1588.49,53663.37,2809.00,1220.51,51.67385656308754
od1500k,vehev3,kapusta,10105,1147.23,46830.38,1879.00,731.77,8.270033422353007
od1500k,vehev3,allgreen,21907,158.31,51364.88,889.00,730.69,91.72603026106044
od1500k,vehev3,no-preemption,2094,3101.14,65305.94,3833.00,731.8600000000001,
od1500k,vehev1,tpn2,27422,417.59,45813.22,1638.00,1220.41,82.45678156573612
od1500k,vehev1,allgreen,24847,1005.26,57242.91,2226.00,1220.74,77.96294347696463
od1500k,vehev2,allgreen,24847,344.13,50253.08,1239.00,894.87,97.90336966932058
od1500k,vehev1,no-preemption,16993,2659.13,69020.68,3880.00,1220.87,
od1500k,vehev2,kapusta2,32668,2676.07,79409.47,3571.00,894.9299999999998,71.22161892440926
od1500k,vehev3,no-preemption,30366,2885.79,68391.24,3618.00,732.21,
od1500k,vehev3,kapusta2,30616,953.93,51324.84,1685.00,731.07,64.46526355000933
od1500k,vehev3,no-preemption,22760,979.91,54253.75,1712.00,732.09,
od1500k,vehev1,kapusta2,16250,2747.00,76414.65,3969.00,1222.0,-29.28153914213909
od1500k,vehev2,kapusta2,6479,12692.40,121570.37,13588.00,895.6000000000004,44.4246676290897
od1500k,vehev1,allgreen,4771,116.83,51961.69,1338.00,1221.17,95.78092441921353
od1500k,vehev2,allgreen,31737,8659.96,109012.00,9554.00,894.0400000000009,60.76879029598409
od1500k,vehev1,allgreen,15239,1599.09,66005.78,2820.00,1220.91,33.17271728092207
od1500k,vehev1,allgreen,20276,357.51,61580.88,1578.00,1220.49,89.41194240257778
od1500k,vehev2,allgreen,2094,3602.33,83290.13,4496.00,893.6700000000001,72.98008645280237
od1500k,vehev2,kapusta2,4771,21649.36,169676.16,22544.00,894.6399999999994,-127.45511699838623
od1500k,vehev1,no-preemption,21907,2757.96,71912.70,3979.00,1221.04,
od1500k,vehev2,kapusta2,30616,48913.96,419062.79,49808.00,894.0400000000009,-196.1307543609306
od1500k,vehev1,no-preemption,12837,3106.94,65735.68,4329.00,1222.06,
od1500k,vehev3,tpn2,20276,890.95,46511.06,1622.00,731.05,60.17548800057215
od1500k,vehev1,kapusta2,17651,4762.92,71631.39,5984.00,1221.08,9.499913545599469
od1500k,vehev1,kapusta2,30616,2805.52,64670.82,4027.00,1221.48,-38.13422878272385
od1500k,vehev2,kapusta,20276,36676.11,269967.60,37570.00,893.8899999999994,-403.26111566216457
od1500k,vehev1,tpn2,22760,481.44,51109.42,1703.00,1221.56,84.12953757301652
od1500k,vehev2,no-preemption,15239,14108.14,130921.69,15002.00,893.8600000000006,
od1500k,vehev2,kapusta2,27422,9410.12,109426.23,10305.00,894.8799999999992,48.12940253661074
od1500k,vehev2,kapusta2,12811,17339.10,134154.87,18233.00,893.9000000000015,-6.691648822269802
od1500k,vehev3,kapusta2,17651,934.73,43880.72,1666.00,731.27,58.26334284400269
od1500k,vehev2,kapusta2,22570,4348.04,86086.70,5243.00,894.96,78.22416384413093
od1500k,vehev1,kapusta2,22570,1998.27,64443.06,3220.00,1221.73,-33.85515051645835
od1500k,vehev2,tpn2,16993,9633.87,97372.85,10530.00,896.1299999999992,17.78339891804428
od1500k,vehev2,no-preemption,16250,3768.18,70059.73,4663.00,894.8200000000002,
od1500k,vehev3,kapusta2,14368,1386.67,55922.01,2118.00,731.3299999999999,37.49712652744787
od1500k,vehev1,no-preemption,27548,1392.40,62074.25,2614.00,1221.6,
od1500k,vehev1,kapusta,30616,1225.76,49359.17,2448.00,1222.24,39.64776145858464
od1500k,vehev3,kapusta,11718,21016.39,142986.46,21748.00,731.6100000000006,-969.4819602055875
od1500k,vehev1,tpn,22760,237.31,55252.80,1457.00,1219.69,92.1771779691188
od1500k,vehev1,no-preemption,12811,2392.59,51484.41,3614.00,1221.4099999999999,
od1500k,vehev2,no-preemption,30366,7615.40,106889.81,8509.00,893.6000000000004,
od1500k,vehev3,kapusta2,30366,1066.15,46008.65,1798.00,731.8499999999999,63.05517726515095
od1500k,vehev1,allgreen,30366,324.43,58318.39,1545.00,1220.57,80.53318772576174
od1500k,vehev2,tpn,10105,2202.92,69292.09,3099.00,896.0799999999999,50.404232565993134
od1500k,vehev3,no-preemption,22570,2418.01,69528.55,3149.00,730.9899999999998,
od1500k,vehev1,tpn2,16993,1561.89,52661.20,2783.00,1221.11,41.26311989259644
od1500k,vehev1,allgreen,6325,1208.21,64687.40,2430.00,1221.79,65.08527767984603
od1500k,vehev1,tpn,30616,398.06,44032.88,1619.00,1220.94,80.40088428909755
od1500k,vehev2,tpn2,11718,54932.64,346575.84,55827.00,894.3600000000006,-61.23435062926219
od1500k,vehev3,allgreen,16250,326.53,47954.40,1058.00,731.47,66.57966920494556
od1500k,vehev2,no-preemption,22737,44955.33,307679.81,45850.00,894.6699999999983,
od1500k,vehev3,allgreen,27226,95.63,48383.03,827.00,731.37,90.218680959005
od1500k,vehev1,kapusta2,12837,2657.61,65249.03,3879.00,1221.3899999999999,14.462139597159906
od1500k,vehev2,kapusta2,30366,5994.72,86057.51,6889.00,894.2799999999997,21.281613572497825
od1500k,vehev1,tpn2,12811,198.65,48388.70,1419.00,1220.35,91.69728202491861
od1500k,vehev3,no-preemption,12811,7223.28,99357.65,7955.00,731.7200000000003,
od1500k,vehev3,tpn2,22570,147.71,42478.40,878.00,730.29,93.89125768710635
od1500k,vehev3,no-preemption,25029,1537.73,50011.45,2269.00,731.27,
od1500k,vehev1,kapusta2,27548,1778.03,61643.01,2999.00,1220.97,-27.695346164895128
od1500k,vehev2,allgreen,20276,19732.23,186242.94,20629.00,896.7700000000004,-170.7611053708377
od1500k,vehev1,allgreen,31737,207.08,52516.63,1428.00,1220.92,93.52769825096578
od1500k,vehev2,kapusta2,27226,5004.39,90056.07,5900.00,895.6099999999997,50.48296129185466
od1500k,vehev2,allgreen,12837,19449.40,158438.50,20343.00,893.5999999999985,-237.0254206449601
od1500k,vehev2,tpn2,22570,1840.01,63070.53,2734.00,893.99,90.78486943883665
od1500k,vehev1,no-preemption,27226,4812.90,87749.08,6033.00,1220.1000000000004,
od1500k,vehev3,tpn,20276,644.94,53973.68,1377.00,732.06,71.17187185710645
od1500k,vehev1,tpn2,6325,3754.44,78451.85,4976.00,1221.56,-8.495402345352932
od1500k,vehev1,kapusta2,22737,3558.49,62272.28,4779.00,1220.5100000000002,4.6579357721965415
od1500k,vehev2,tpn2,10280,1195.05,51034.86,2089.00,893.95,56.49665274860487
od1500k,vehev3,tpn2,16250,104.81,43737.83,836.00,731.19,89.27270122001147
od1500k,vehev1,kapusta2,32668,3435.14,58087.54,4657.00,1221.8600000000001,0.8500284304924999
od1500k,vehev1,no-preemption,30366,1666.58,56577.06,2888.00,1221.42,
od1500k,vehev3,allgreen,24847,113.82,45377.92,845.00,731.1800000000001,92.25261037069305
od1500k,vehev1,no-preemption,25029,3287.02,67402.58,4508.00,1220.98,
od1500k,vehev1,allgreen,6479,231.18,58923.74,1452.00,1220.82,94.48264340520997
od1500k,vehev2,no-preemption,10280,2747.03,72819.46,3641.00,893.9699999999998,
od1500k,vehev2,tpn2,4771,3305.43,67939.40,4201.00,895.5700000000002,65.27209269096288
od1500k,vehev2,kapusta2,6325,67507.44,370679.00,68403.00,895.5599999999977,-122.08257600555311
od1500k,vehev2,allgreen,25029,2535.00,65889.02,3429.00,894.0,31.502777717732002
od1500k,vehev2,allgreen,30366,588.51,56384.88,1483.00,894.49,92.27210652099693
od1500k,vehev3,kapusta2,20276,1104.75,53900.25,1836.00,731.25,50.61885669075939
od1500k,vehev3,kapusta2,27226,2249.36,54578.05,2982.00,732.6399999999999,-130.07118893707553
od1500k,vehev2,tpn2,15239,836.13,54229.22,1731.00,894.87,94.07342144322357
od1500k,vehev3,allgreen,15239,108.51,42398.67,840.00,731.49,93.95911505015978
od1500k,vehev2,kapusta2,10280,8742.06,108470.58,9637.00,894.9400000000005,-218.23678663866062
od1500k,vehev2,kapusta,11718,64406.68,449355.85,65302.00,895.3199999999997,-89.04187430254014
od1500k,vehev2,kapusta2,14368,4820.29,83039.75,5715.00,894.71,45.412799362206194
od1500k,vehev3,tpn,22760,179.44,43072.57,910.00,730.56,81.68811421457073
od1500k,vehev3,kapusta2,15239,1006.26,55780.46,1738.00,731.74,43.98027011679824
od1500k,vehev2,tpn2,6325,2918.39,75229.83,3812.00,893.6100000000001,90.39922756678604
od1500k,vehev1,tpn2,24847,3657.80,80464.76,4879.00,1221.1999999999998,19.814629697830622
od1500k,vehev1,allgreen,27226,1532.47,59768.50,2752.00,1219.53,68.15911404766356
od1500k,vehev1,tpn2,22570,382.36,51446.69,1604.00,1221.6399999999999,74.3874174403494
od1500k,vehev2,tpn2,21907,6320.92,85367.17,7215.00,894.0799999999999,68.6675070351532
od1500k,vehev3,tpn2,27226,188.86,49052.50,921.00,732.14,80.68284101137387
od1500k,vehev1,tpn2,4771,2197.27,63181.01,3418.00,1220.73,20.650105269240083
od1500k,vehev3,allgreen,4771,829.22,52061.48,1561.00,731.78,48.50396830325538
od1500k,vehev1,no-preemption,2094,2024.05,65802.29,3245.00,1220.95,
od1500k,vehev3,tpn2,31737,107.13,42131.08,839.00,731.87,96.09375284864706
od1500k,vehev3,kapusta2,6479,960.49,48682.65,1692.00,731.51,69.9469333350021
od1500k,vehev1,kapusta2,20276,3169.91,63548.27,4392.00,1222.0900000000001,6.119578029580575
od1500k,vehev2,kapusta,21907,52335.08,338560.56,53231.00,895.9199999999983,-159.42244576971297
od1500k,vehev1,kapusta,20276,2914.86,74808.51,4137.00,1222.1399999999999,13.673168391311808
od1500k,vehev3,no-preemption,11718,1965.10,61960.44,2697.00,731.9000000000001,
od1500k,vehev2,allgreen,4771,14211.24,144810.08,15105.00,893.7600000000002,-49.30784359870899
od1500k,vehev1,tpn2,12837,1222.98,50933.02,2444.00,1221.02,60.63715424179418
od1500k,vehev2,allgreen,14368,38013.74,296333.40,38907.00,893.260000000002,-330.485230634034
od1500k,vehev1,tpn2,27548,259.71,55771.52,1481.00,1221.29,81.34803217466245
od1500k,vehev2,allgreen,22737,671.50,53327.07,1566.00,894.5,98.50629502664088
od1500k,vehev3,allgreen,6325,127.30,42641.94,858.00,730.7,98.65840844875974
od1500k,vehev1,no-preemption,24847,4561.68,83503.10,5782.00,1220.3199999999997,
od1500k,vehev2,allgreen,30616,1659.64,58044.14,2554.00,894.3599999999999,89.9523480583544
od1500k,vehev1,no-preemption,15239,2392.87,70713.18,3615.00,1222.13,
od1500k,vehev2,tpn2,25029,1077.97,55984.44,1972.00,894.03,70.87260327273513
od1500k,vehev2,tpn2,16250,296.78,46617.97,1190.00,893.22,92.1240492757777
od1500k,vehev1,allgreen,25029,241.19,50184.95,1463.00,1221.81,92.66235070063462
od1500k,vehev3,tpn2,6325,240.10,42737.81,971.00,730.9,97.46962976077937
od1500k,vehev2,kapusta2,15239,30717.09,187643.00,31611.00,893.9099999999999,-117.72600782243443
od1500k,vehev2,kapusta2,31737,13983.17,145381.75,14878.00,894.8299999999999,36.65367107966963
od1500k,vehev2,kapusta,10105,24160.72,156536.80,25055.00,894.2799999999988,-443.9459672426409
od1500k,vehev3,tpn2,15239,190.14,45249.81,922.00,731.86,89.41467270885062
od1500k,vehev2,tpn2,31737,2124.81,54412.49,3019.00,894.19,90.37422035538386
od1500k,vehev2,kapusta2,24847,42298.51,332621.53,43193.00,894.489999999998,-157.70592220540678
od1500k,vehev2,tpn,2094,11291.42,126795.21,12186.00,894.5799999999999,15.306706430255323
od1500k,vehev1,kapusta,22760,2360.22,69242.76,3581.00,1220.7800000000002,22.196363348672854
od1500k,vehev2,no-preemption,11718,34070.06,210682.47,34965.00,894.9400000000023,
od1500k,vehev2,no-preemption,16993,11717.67,121135.29,12612.00,894.3299999999999,
od1500k,vehev2,tpn2,30616,2490.05,65973.27,3385.00,894.9499999999998,84.92495015949567
od1500k,vehev2,no-preemption,21907,20173.69,147956.53,21068.00,894.3100000000013,
od1500k,vehev2,kapusta2,22760,28520.52,183022.73,29416.00,895.4799999999996,-255.85306480974316
od1500k,vehev1,kapusta2,12811,3391.90,67029.97,4613.00,1221.1,-41.7668718836073
od1500k,vehev1,kapusta,10105,994.56,42683.72,2215.00,1220.44,46.249006923164224
od1500k,vehev3,kapusta2,4771,1051.94,56637.57,1783.00,731.06,34.672661557760854
od1500k,vehev2,kapusta2,16250,3499.38,77781.62,4395.00,895.6199999999999,7.133417193446167
od1500k,vehev2,tpn2,6479,3234.62,78264.97,4130.00,895.3800000000001,85.83679354624863
od1500k,vehev1,no-preemption,10105,1850.31,69472.50,3071.00,1220.69,
od1500k,vehev2,allgreen,32668,233.12,51146.80,1127.00,893.88,97.49303411482447
od1500k,vehev2,kapusta,12811,18933.85,128754.07,19828.00,894.1500000000015,-16.504528784858085
od1500k,vehev2,tpn2,12811,6811.24,89552.20,7706.00,894.7600000000002,58.08880356395678
od1500k,vehev1,allgreen,32668,235.11,50428.50,1457.00,1221.8899999999999,93.2139156436981
od1500k,vehev2,allgreen,227,34144.98,230598.99,35040.00,895.0199999999968,-300.53796109694326
od1500k,vehev3,allgreen,22570,81.55,44210.93,814.00,732.45,96.62739194626987
od1500k,vehev2,tpn2,32668,1855.38,57609.58,2750.00,894.6199999999999,80.04729596758322
od1500k,vehev3,allgreen,14368,1408.54,48213.48,2140.00,731.46,36.51135641426685
od1500k,vehev1,tpn,12811,304.02,59171.82,1524.00,1219.98,87.29326796484145
od1500k,vehev2,tpn2,227,4415.55,83827.15,5311.00,895.4499999999998,48.20335539450872
od1500k,vehev3,kapusta,22760,16160.55,125067.76,16893.00,732.4500000000007,-1549.1871702503292
od1500k,vehev2,kapusta2,17651,6175.54,92074.67,7071.00,895.46,2.113373710347499
od1500k,vehev2,tpn2,22760,2539.80,64358.27,3434.00,894.1999999999998,68.31068949641221
od1500k,vehev2,tpn2,27548,1831.57,59056.67,2727.00,895.4300000000001,81.11070775158463
od1500k,vehev2,no-preemption,12837,5770.90,88262.18,6665.00,894.1000000000004,
od1500k,vehev3,kapusta2,16993,2211.34,51612.78,2942.00,730.6599999999999,36.85710369718912
od1500k,vehev1,allgreen,227,220.68,54072.51,1441.00,1220.32,90.3751292082641
od1500k,vehev3,allgreen,11718,100.64,43204.32,831.00,730.36,94.87863213068037
od1500k,vehev1,allgreen,22737,498.72,50471.03,1721.00,1222.28,86.63787329128643
od1500k,vehev1,kapusta2,22760,4494.31,68381.70,5715.00,1220.6899999999996,-48.15299516080118
od1500k,vehev1,tpn2,32668,325.16,61074.25,1547.00,1221.84,90.61476249714974
od1500k,vehev2,tpn,21907,3474.05,77940.15,4369.00,894.9499999999998,82.77930314186447
od1500k,vehev2,allgreen,22570,2389.69,73233.66,3284.00,894.31,88.03196430959265
od1500k,vehev2,tpn,12811,2662.81,67909.56,3558.00,895.19,83.61509020650276
od1500k,vehev1,tpn,21907,274.64,56105.33,1496.00,1221.3600000000001,90.04191503865175
od1500k,vehev3,tpn2,22737,157.93,39902.34,889.00,731.0699999999999,91.55820206220835
od1500k,vehev1,kapusta,21907,1946.47,72019.88,3167.00,1220.53,29.42355944248648
od1500k,vehev3,tpn,2094,68.49,44116.52,800.00,731.51,97.79145733504453
od1500k,vehev3,kapusta2,21907,549.78,51992.81,1282.00,732.22,71.26610395379831
od1500k,vehev3,kapusta,12811,1764.14,64432.17,2496.00,731.8599999999999,75.57702318060493
od1500k,vehev1,tpn,16993,681.49,55624.03,1903.00,1221.51,74.37169299733371
od1500k,vehev2,kapusta2,20276,54753.74,363722.84,55649.00,895.260000000002,-651.3181817558102
od1500k,vehev2,tpn2,14368,2701.56,73124.75,3595.00,893.44,69.40628100072024
od1500k,vehev3,allgreen,27548,725.28,54521.28,1457.00,731.72,41.96413567947764
od1500k,vehev1,no-preemption,22570,1492.86,61402.63,2714.00,1221.14,
od1500k,vehev2,kapusta2,227,13523.18,127770.88,14417.00,893.8199999999997,-58.63377119409532
od1500k,vehev2,no-preemption,17651,6308.87,90433.76,7204.00,895.1300000000001,
od1500k,vehev3,kapusta2,6325,4204.79,69764.15,4936.00,731.21,55.68648280644513
od1500k,vehev3,tpn2,24847,332.02,45050.03,1063.00,730.98,77.40038389806281
od1500k,vehev2,no-preemption,31737,22074.16,151799.95,22969.00,894.8400000000001,
od1500k,vehev2,tpn2,24847,235.15,46089.48,1130.00,894.85,98.56733611641162
od1500k,vehev2,tpn,30366,585.69,57694.98,1479.00,893.31,92.3091367492187
od1500k,vehev1,tpn,10105,1093.38,57749.25,2314.00,1220.62,40.90828023412292
od1500k,vehev3,tpn2,11718,210.51,38869.35,942.00,731.49,89.287568062694
od1500k,vehev2,tpn,30616,665.89,47509.68,1560.00,894.11,95.96862515279074
od1500k,vehev3,no-preemption,32668,1605.77,54199.67,2338.00,732.23,
od1500k,vehev1,no-preemption,6479,4190.05,86133.76,5411.00,1220.9499999999998,
od1500k,vehev1,tpn2,30366,582.42,47761.71,1804.00,1221.58,65.05298275510327
od1500k,vehev3,tpn2,4771,992.73,54896.29,1724.00,731.27,38.349707500652066
od1500k,vehev1,tpn2,2094,664.03,44619.41,1885.00,1220.97,67.19300412539215
od1500k,vehev2,kapusta2,11718,68910.54,375828.15,69806.00,895.4600000000064,-102.26128160619616
od1500k,vehev3,no-preemption,15239,1796.26,58876.44,2528.00,731.74,
od1500k,vehev1,tpn2,25029,399.82,48250.05,1621.00,1221.18,87.8363989266874
od1500k,vehev2,tpn2,27226,805.49,54612.69,1702.00,896.51,92.02990184437584
od1500k,vehev1,tpn2,22737,2562.84,65514.52,3784.00,1221.1599999999999,31.334230000482265
od1500k,vehev1,tpn2,10105,995.38,47972.96,2216.00,1220.62,46.20469002491474
od1500k,vehev1,no-preemption,17651,5262.89,75808.58,6483.00,1220.1099999999997,
od1500k,vehev2,no-preemption,2094,13332.13,121581.80,14227.00,894.8700000000008,
od1500k,vehev3,tpn2,21907,164.62,42472.28,896.00,731.38,91.39624219301226
od1500k,vehev2,allgreen,27422,134.53,47816.17,1029.00,894.47,99.25844181830308
od1500k,vehev3,kapusta2,24847,849.72,50662.69,1581.00,731.28,42.16208121758308
od1500k,vehev1,no-preemption,14368,4007.39,78876.70,5228.00,1220.6100000000001,
od1500k,vehev3,kapusta2,22760,1428.06,49250.70,2160.00,731.94,-45.733791878846006
od1500k,vehev1,tpn2,11718,566.64,50294.18,1789.00,1222.3600000000001,84.44078938335946
od1500k,vehev1,no-preemption,32668,3464.59,81636.59,4686.00,1221.4099999999999,
od1500k,vehev3,no-preemption,17651,2239.59,51167.94,2970.00,730.4099999999999,
od1500k,vehev3,tpn2,25029,192.02,40124.97,923.00,730.98,87.51276231848244
od1500k,vehev3,allgreen,30366,174.60,50519.17,907.00,732.4,93.94966369694261
od1500k,vehev3,allgreen,22737,941.13,49657.48,1672.00,730.87,49.69398282027571
od1500k,vehev2,no-preemption,6479,22838.19,162189.71,23734.00,895.8100000000013,
od1500k,vehev1,allgreen,27422,171.54,49147.19,1393.00,1221.46,92.79349675467894
od1500k,vehev1,kapusta2,31737,4253.08,63744.99,5473.00,1219.92,-32.930351182067085
od1500k,vehev3,kapusta,30366,2089.81,58180.06,2821.00,731.19,27.582741640937147
od1500k,vehev3,allgreen,22760,89.54,46966.96,820.00,730.46,90.86242614117623
od1500k,vehev1,allgreen,10280,346.53,54378.34,1568.00,1221.47,89.17283225435548
od1500k,vehev3,allgreen,31737,67.46,44607.94,798.00,730.54,97.54022745421199
od1500k,vehev2,allgreen,27226,1578.83,49619.10,2474.00,895.1700000000001,84.3779189424523
od1500k,vehev3,no-preemption,22737,1870.81,51366.02,2602.00,731.19,
od1500k,vehev1,allgreen,11718,169.70,52133.88,1391.00,1221.3,95.34025476202898
od1500k,vehev3,no-preemption,16993,3502.12,72079.74,4234.00,731.8800000000001,
od1500k,vehev1,kapusta2,27422,1534.99,51212.58,2756.00,1221.01,35.514105068582346
od1500k,vehev2,tpn,11718,5385.84,84517.49,6280.00,894.1599999999999,84.19186816812181
od1500k,vehev3,no-preemption,16250,977.04,50305.73,1708.00,730.96,
od1500k,vehev3,no-preemption,31737,2742.53,70072.14,3475.00,732.4699999999998,
od1500k,vehev3,kapusta2,22737,1493.71,52701.17,2225.00,731.29,20.15704427493973
od1500k,vehev2,allgreen,10280,509.06,54578.93,1404.00,894.94,81.46871348328922
od1500k,vehev1,tpn,11718,194.01,48996.63,1416.00,1221.99,94.67273321379636
od1500k,vehev3,kapusta,20276,3177.17,71564.42,3908.00,730.8299999999999,-42.01610055471372
od1500k,vehev1,kapusta2,227,1520.77,56805.56,2742.00,1221.23,33.67221880574491
od1500k,vehev3,tpn,11718,302.78,51544.48,1034.00,731.22,84.59213271589232
od1500k,vehev3,kapusta2,31737,2330.05,64608.19,3062.00,731.9499999999998,15.04012718183575
od1500k,vehev2,no-preemption,14368,8830.44,108253.69,9725.00,894.5599999999995,
od1500k,vehev3,tpn2,2094,128.33,41856.62,860.00,731.67,95.86184435401175
od1500k,vehev3,no-preemption,21907,1913.35,58590.23,2645.00,731.6500000000001,
